Workbook

Sheet Task Table
A1: Task Table: Solar Panel and Battery System
A2: Status values: Not started, Stub, In progress, Done. Project Leader (Iteration 2): Jailen Patel.
A3: ID | B3: Task | C3: Menu Option | D3: Owner | E3: Files | F3: Functions | G3: Expected Deliverable | H3: Status | I3: Target Iteration | J3: Notes
A4: T1 | B4: Load sunlight data | C4: 1 | D4: Advaith Nair | E4: input_reader.h/.cpp, tasks.cpp, solar_panel.cpp | F4: readHourlyCsv(), taskLoadSunlight(), SolarPanel::setSunlight() | G4: Reads and checks a sunlight CSV file | H4: In progress | I4: 3 | J4: Reads values and checks that the file opens; other input checks not written yet
A5: T2 | B5: Load demand data | C5: 2 | D5: Advaith Nair | E5: input_reader.h/.cpp, tasks.cpp, load_profile.cpp | F5: readHourlyCsv(), taskLoadDemand(), LoadProfile::setDemand() | G5: Reads and checks a demand CSV file | H5: Stub | I5: 3 | J5: Moved from Teammate 3
A6: T3 | B6: Set up solar panel | C6: 3 | D6: Advaith Nair | E6: solar_panel.h/.cpp, tasks.cpp | F6: setSize(), energyAt(), totalEnergy(), taskSetupPanel() | G6: Sets panel size and efficiency, prints hourly output | H6: In progress | I6: 3 | J6: Prompts and energyAt() written; hourly table and total not yet
A7: T4 | B7: Set up battery | C7: 4 | D7: Jailen Patel | E7: battery.h/.cpp, tasks.cpp | F7: setLimits(), charge(), discharge(), taskSetupBattery() | G7: Sets capacity, minimum charge, and rate limit | H7: In progress | I7: 3 | J7: setLimits() written; charge() and discharge() are stubs
A8: T5 | B8: Run 24-hour simulation | C8: 5 | D8: Both | E8: energy_manager.h/.cpp, tasks.cpp | F8: runSimulation(), checkBalance(), taskRun24Hour() | G8: Hour-by-hour routing for one day | H8: Stub | I8: 3 | J8: Written together in Phase 3
A9: T6 | B9: Run 7-day simulation | C9: 6 | D9: Both | E9: energy_manager.h/.cpp, tasks.cpp | F9: runSimulation(), taskRun7Day() | G9: Same routing over 168 hours | H9: Stub | I9: 3 | J9: Needs 7-day sample file (S2)
A10: T7 | B10: Print summary | C10: 7 | D10: Jailen Patel | E10: report.h/.cpp, tasks.cpp | F10: Report::printSummary(), taskPrintSummary() | G10: Totals and share of demand met by solar, battery, and grid | H10: Stub | I10: 3 | J10: Moved from Teammate 3
A11: T8 | B11: Save hourly results | C11: 8 | D11: Jailen Patel | E11: report.h/.cpp, tasks.cpp | F11: Report::writeHourlyCsv(), taskSaveResults() | G11: Hourly output CSV that opens in Excel | H11: Stub | I11: 3 | J11: Moved from Teammate 3
A12: T9 | B12: Compare two battery sizes | C12: 9 | D12: Both | E12: energy_manager.h/.cpp, report.h/.cpp, tasks.cpp | F12: runSimulation(), printSummary(), taskCompareBatteries() | G12: Side-by-side summary for two capacities | H12: Stub | I12: 4
A13: T10 | B13: Run class tests | C13: 10 | D13: Jailen Patel | E13: tests.cpp | F13: taskRunTests() | G13: At least 3 passing tests per class | H13: Stub | I13: 4 | J13: Still deciding between menu option and separate test program
A14: S1 | B14: Menu and switch | C14: none | D14: Advaith Nair | E14: main.cpp | F14: main(), printMenu() | G14: Menu loop with one task per option | H14: Done | I14: 2
A15: S2 | B15: Sample input files | C15: none | D15: Advaith Nair | E15: data/*.csv | F15: none | G15: Sunny, cloudy, and 7-day input files | H15: In progress | I15: 3 | J15: First sunny, cloudy, and demand files made; 7-day file not started
A16: S3 | B16: Task table and project plan | C16: none | D16: Jailen Patel | E16: docs/EECE2140_Project_Plan.xlsx | F16: none | G16: Updated plan each iteration | H16: In progress | I16: All | J16: First version; we expect to keep changing it
A17: S4 | B17: README and iteration report | C17: none | D17: Jailen Patel | E17: README.md, docs/ | F17: none | G17: Build and run steps, iteration PDF | H17: In progress | I17: 2 | J17: Moved from Teammate 3
A18: S5 | B18: Integration and code review | C18: none | D18: Advaith Nair | E18: GitHub repository | F18: none | G18: One working build each iteration | H18: In progress | I18: All | J18: Still learning how to review and merge with branches
A19: S6 | B19: GitHub Issues upkeep | C19: none | D19: Advaith Nair | E19: GitHub Issues | F19: none | G19: Every task listed with an owner and due date | H19: In progress | I19: All | J19: Moved from Teammate 3
A20: S7 | B20: Meeting notes | C20: none | D20: Jailen Patel | E20: docs/meeting_notes.md | F20: none | G20: Notes from each weekly meeting | H20: In progress | I20: All | J20: Moved from Teammate 3

Sheet Status Summary
A1: Status Summary
A2: All counts are formulas that read the Task Table sheet.
A4: Status | B4: Menu Tasks (T) | C4: All Tasks
A5: Not started | B5: =COUNTIFS('Task Table'!$H$4:$H$20,A5,'Task Table'!$A$4:$A$20,"T*") -> 0 | C5: =COUNTIF('Task Table'!$H$4:$H$20,A5) -> 0
A6: Stub | B6: =COUNTIFS('Task Table'!$H$4:$H$20,A6,'Task Table'!$A$4:$A$20,"T*") -> 7 | C6: =COUNTIF('Task Table'!$H$4:$H$20,A6) -> 7
A7: In progress | B7: =COUNTIFS('Task Table'!$H$4:$H$20,A7,'Task Table'!$A$4:$A$20,"T*") -> 3 | C7: =COUNTIF('Task Table'!$H$4:$H$20,A7) -> 9
A8: Done | B8: =COUNTIFS('Task Table'!$H$4:$H$20,A8,'Task Table'!$A$4:$A$20,"T*") -> 0 | C8: =COUNTIF('Task Table'!$H$4:$H$20,A8) -> 1
A9: Total | B9: =SUM(B5:B8) -> 10 | C9: =SUM(C5:C8) -> 17
A10: Percent done | B10: =IF(B9=0,0,B8/B9) -> 0 | C10: =IF(C9=0,0,C8/C9) -> 0.058823529
A12: Owner | B12: Tasks Owned | C12: Done | D12: Open
A13: Advaith Nair | B13: =COUNTIF('Task Table'!$D$4:$D$20,A13) -> 7 | C13: =COUNTIFS('Task Table'!$D$4:$D$20,A13,'Task Table'!$H$4:$H$20,"Done") -> 1 | D13: =B13-C13 -> 6
A14: Jailen Patel | B14: =COUNTIF('Task Table'!$D$4:$D$20,A14) -> 7 | C14: =COUNTIFS('Task Table'!$D$4:$D$20,A14,'Task Table'!$H$4:$H$20,"Done") -> 0 | D14: =B14-C14 -> 7
A15: Both | B15: =COUNTIF('Task Table'!$D$4:$D$20,A15) -> 3 | C15: =COUNTIFS('Task Table'!$D$4:$D$20,A15,'Task Table'!$H$4:$H$20,"Done") -> 0 | D15: =B15-C15 -> 3

Sheet Timeline
A1: Revised Timeline
A3: Phase | B3: Start | C3: End | D3: Days | E3: Work | F3: Owner | G3: Status | H3: Change from Iteration 1
A4: Phase 1: Planning | B4: 46301 | C4: 46308 | D4: =C4-B4+1 -> 8 | E4: Project plan, repository, class names and header files | F4: All | G4: Done | H4: Start date approximate
A5: Phase 2: Design and individual classes | B5: 46309 | C5: 46332 | D5: =C5-B5+1 -> 24 | E5: System design, menu with stubs, SolarPanel, Battery, LoadProfile, input reader, first tests, sample files | F5: Advaith: SolarPanel, input reader, LoadProfile, samples; Jailen: Battery, tests, Report stubs | G5: In progress | H5: Now includes system design and menu. LoadProfile and Report stubs moved here after Teammate 3 left. Dates are estimates since this is our first group project.
A6: Phase 3: Putting it together | B6: 46333 | C6: 46346 | D6: =C6-B6+1 -> 14 | E6: EnergyManager routing, Report class, energy balance and battery limit tests, first full 24-hour run | F6: Both | G6: Not started | H6: Report class now owned by Jailen
A7: Buffer and rework | B7: 46347 | C7: 46355 | D7: =C7-B7+1 -> 9 | E7: Bug fixes, catch-up, Thanksgiving break (Nov 26) | F7: Both | G7: Not started | H7: No change
A8: Phase 4: Finishing | B8: 46356 | C8: 46364 | D8: =C8-B8+1 -> 9 | E8: 7-day run, battery size comparison, invalid input tests, final README, report, charts, presentation | F8: Both | G8: Not started | H8: No change
A9: Milestone: Final presentation and demo | B9: 46364 | C9: 46364 | D9: =C9-B9+1 -> 1 | E9: Tuesday, December 8, 10:18 A.M. | F9: Both | G9: Not started

Sheet Contributions
A1: Member Contributions
A3: Iteration | B3: Team Member | C3: Role | D3: Completed This Iteration | E3: Responsibilities Next Iteration
A4: 1 | B4: Advaith Nair | C4: Repository and integration | D4: Proposed the hourly simulation idea and energy routing order; created the GitHub repository; wrote the SolarPanel and LoadProfile header files; found example solar and demand data; set up GitHub Issues; drafted the scope and tools sections | E4: Write the SolarPanel class; write the input file reader; write the LoadProfile class; create sample input files; review Jailen's code
A5: 1 | B5: Jailen Patel | C5: Testing and documentation | D5: Looked up typical home battery values; wrote the Battery and Report header files; proposed the team objectives and testing approach; drafted the objectives section; drafted the timeline and meeting notes; put together the PDF | E5: Write the Battery class; start the test program; write the next iteration document; review Advaith's code
A6: 2 | B6: Advaith Nair | C6: Repository and integration | D6: Built the menu and switch statement; wrote the stub for every task; started the CSV reader (T1) and the SolarPanel class (T3); made the first sample input files; drafted the class and file structure design; kept GitHub Issues up to date | E6: Finish the CSV reader and its input checks (T1, T2); finish the SolarPanel and LoadProfile classes (T3); create the 7-day sample file; start EnergyManager with Jailen (T5, T6, T9); review Jailen's code
A7: 2 | B7: Jailen Patel | C7: Project Leader, testing, documentation | D7: Served as Project Leader for the first time; started the Battery class (T4); wrote the Report class interface (T7, T8); made the first version of the task table and this plan; drew the class diagram; put together the Iteration 2 report; kept the meeting notes | E7: Finish charge() and discharge() (T4); decide on a testing approach and write the first tests (T10); start the Report class (T7, T8); start EnergyManager with Advaith (T5, T6, T9); update the README and meeting notes; review Advaith's code
